product_id,product_name,description,section_name
1,Banana,Fresh yellow bananas,Fruits
2,Toothpaste,Colgate advanced cleaning,Personal Care
3,Eggs,Organic free-range eggs,Dairy
4,Chips,Salted potato chips,Snacks
5,Apple,Red delicious apples,Fruits
6,Milk,Whole milk 1 gallon,Dairy
7,Bread,Whole wheat bread loaf,Bakery
8,Shampoo,Herbal essence shampoo,Personal Care
9,Orange,Fresh navel oranges,Fruits
10,Cheese,Cheddar cheese block,Dairy
11,Cookies,Chocolate chip cookies,Snacks
12,Soap,Dove moisturizing soap,Personal Care
13,Grapes,Seedless green grapes,Fruits
14,Yogurt,Greek vanilla yogurt,Dairy
15,Crackers,Saltine crackers,Snacks
16,Deodorant,Speed stick deodorant,Personal Care
17,Strawberries,Fresh strawberries,Fruits
18,Butter,Salted butter sticks,Dairy
19,Muffins,Blueberry muffins,Bakery
20,Conditioner,Moisturizing conditioner,Personal Care
21,Pears,Bartlett pears,Fruits
22,Ice Cream,Vanilla ice cream,Dairy
23,Pretzels,Twisted pretzels,Snacks
24,Face Wash,Gentle face cleanser,Personal Care
25,Pineapple,Fresh pineapple,Fruits
26,Cream Cheese,Philadelphia cream cheese,Dairy
27,Bagels,Everything bagels,Bakery
28,Lotion,Body moisturizing lotion,Personal Care
29,Watermelon,Seedless watermelon,Fruits
30,Sour Cream,Regular sour cream,Dairy
31,Granola Bars,Honey oat granola bars,Snacks
32,Toothbrush,Soft bristle toothbrush,Personal Care
33,Kiwi,Fresh kiwi fruit,Fruits
34,Cottage Cheese,Low-fat cottage cheese,Dairy
35,Donuts,Glazed donuts,Bakery
36,Mouthwash,Antiseptic mouthwash,Personal Care
37,Mango,Ripe mango,Fruits
38,Parmesan,Grated parmesan cheese,Dairy
39,Popcorn,Butter flavored popcorn,Snacks
40,Razor,Disposable razor pack,Personal Care
41,Chicken Breast,Boneless chicken breast,Meat
42,Ground Beef,80/20 ground beef,Meat
43,Salmon,Atlantic salmon fillet,Seafood
44,Tuna,Canned tuna in water,Seafood
45,Pasta,Spaghetti pasta,Pantry
46,Rice,Long grain white rice,Pantry
47,Tomato Sauce,Marinara sauce,Pantry
48,Olive Oil,Extra virgin olive oil,Pantry
49,Onions,Yellow onions,Vegetables
50,Carrots,Fresh carrots,Vegetables
51,Potatoes,Russet potatoes,Vegetables
52,Lettuce,Iceberg lettuce,Vegetables
53,Tomatoes,Roma tomatoes,Vegetables
54,Bell Peppers,Red bell peppers,Vegetables
55,Broccoli,Fresh broccoli crowns,Vegetables
56,Spinach,Baby spinach leaves,Vegetables
57,Garlic,Fresh garlic bulbs,Vegetables
58,Mushrooms,Button mushrooms,Vegetables
59,Celery,Celery stalks,Vegetables
60,Cucumber,English cucumber,Vegetables
61,Zucchini,Fresh zucchini,Vegetables
62,Corn,Sweet corn ears,Vegetables
63,Green Beans,Fresh green beans,Vegetables
64,Asparagus,Fresh asparagus spears,Vegetables
65,Cauliflower,Fresh cauliflower head,Vegetables
66,Cabbage,Green cabbage,Vegetables
67,Avocado,Hass avocados,Vegetables
68,Lime,Fresh limes,Fruits
69,Lemon,Fresh lemons,Fruits
70,Coconut,Fresh coconut,Fruits
71,Peach,Fresh peaches,Fruits
72,Plum,Fresh plums,Fruits
73,Cherries,Sweet cherries,Fruits
74,Blueberries,Fresh blueberries,Fruits
75,Raspberries,Fresh raspberries,Fruits
76,Blackberries,Fresh blackberries,Fruits
77,Cantaloupe,Fresh cantaloupe,Fruits
78,Honeydew,Fresh honeydew melon,Fruits
79,Papaya,Fresh papaya,Fruits
80,Pomegranate,Fresh pomegranate,Fruits
81,Pork Chops,Bone-in pork chops,Meat
82,Bacon,Thick cut bacon,Meat
83,Ham,Sliced deli ham,Meat
84,Turkey,Sliced deli turkey,Meat
85,Sausage,Italian sausage links,Meat
86,Shrimp,Frozen shrimp,Seafood
87,Crab,Imitation crab meat,Seafood
88,Lobster,Frozen lobster tails,Seafood
89,Cod,Cod fish fillets,Seafood
90,Tilapia,Tilapia fillets,Seafood
91,Flour,All-purpose flour,Pantry
92,Sugar,Granulated sugar,Pantry
93,Salt,Table salt,Pantry
94,Pepper,Black pepper,Pantry
95,Vanilla,Pure vanilla extract,Pantry
96,Baking Powder,Double acting baking powder,Pantry
97,Baking Soda,Pure baking soda,Pantry
98,Vinegar,White vinegar,Pantry
99,Honey,Pure honey,Pantry
100,Maple Syrup,Pure maple syrup,Pantry
101,Ketchup,Heinz tomato ketchup,Condiments
102,Mustard,Yellow mustard,Condiments
103,Mayo,Mayonnaise,Condiments
104,BBQ Sauce,Hickory BBQ sauce,Condiments
105,Hot Sauce,Tabasco hot sauce,Condiments
106,Soy Sauce,Low sodium soy sauce,Condiments
107,Ranch,Ranch dressing,Condiments
108,Italian Dressing,Italian salad dressing,Condiments
109,Caesar Dressing,Caesar salad dressing,Condiments
110,Peanut Butter,Creamy peanut butter,Pantry
111,Jelly,Grape jelly,Pantry
112,Jam,Strawberry jam,Pantry
113,Cereal,Cheerios cereal,Breakfast
114,Oatmeal,Instant oatmeal,Breakfast
115,Pancake Mix,Bisquick pancake mix,Breakfast
116,Coffee,Ground coffee,Beverages
117,Tea,Black tea bags,Beverages
118,Orange Juice,Fresh orange juice,Beverages
119,Apple Juice,Apple juice,Beverages
120,Soda,Coca-Cola,Beverages
121,Water,Bottled water,Beverages
122,Energy Drink,Red Bull energy drink,Beverages
123,Beer,Budweiser beer,Beverages
124,Wine,Chardonnay wine,Beverages
125,Vodka,Premium vodka,Beverages
126,Frozen Pizza,Pepperoni pizza,Frozen Foods
127,Ice Cream Bars,Chocolate ice cream bars,Frozen Foods
128,Frozen Vegetables,Mixed frozen vegetables,Frozen Foods
129,Frozen Berries,Mixed frozen berries,Frozen Foods
130,Frozen Chicken,Frozen chicken nuggets,Frozen Foods
131,Frozen Fries,Frozen french fries,Frozen Foods
132,Frozen Waffles,Frozen waffles,Frozen Foods
133,Ice Cream Sandwiches,Vanilla ice cream sandwiches,Frozen Foods
134,Frozen Burritos,Bean and cheese burritos,Frozen Foods
135,Frozen Lasagna,Meat lasagna,Frozen Foods
136,Paper Towels,Bounty paper towels,Household
137,Toilet Paper,Charmin toilet paper,Household
138,Tissues,Kleenex tissues,Household
139,Dish Soap,Dawn dish soap,Household
140,Laundry Detergent,Tide laundry detergent,Household
141,Fabric Softener,Downy fabric softener,Household
142,Bleach,Clorox bleach,Household
143,All-Purpose Cleaner,Lysol all-purpose cleaner,Household
144,Glass Cleaner,Windex glass cleaner,Household
145,Vacuum Bags,Vacuum cleaner bags,Household
146,Aluminum Foil,Heavy duty aluminum foil,Household
147,Plastic Wrap,Saran wrap,Household
148,Garbage Bags,Hefty garbage bags,Household
149,Ziplock Bags,Ziplock storage bags,Household
150,Paper Plates,Disposable paper plates,Household
151,Diapers,Pampers diapers,Baby Care
152,Baby Wipes,Huggies baby wipes,Baby Care
153,Baby Food,Gerber baby food,Baby Care
154,Baby Formula,Enfamil baby formula,Baby Care
155,Baby Bottles,Glass baby bottles,Baby Care
156,Dog Food,Purina dog food,Pet Care
157,Cat Food,Friskies cat food,Pet Care
158,Cat Litter,Clumping cat litter,Pet Care
159,Dog Treats,Milk-Bone dog treats,Pet Care
160,Pet Toys,Squeaky pet toys,Pet Care
161,Aspirin,Bayer aspirin,Pharmacy
162,Band-Aids,Johnson & Johnson Band-Aids,Pharmacy
163,Vitamins,Multivitamins,Pharmacy
164,Antacid,Tums antacid,Pharmacy
165,Cough Drops,Halls cough drops,Pharmacy
166,Allergy Medicine,Claritin allergy relief,Pharmacy
167,Sunscreen,SPF 30 sunscreen,Pharmacy
168,Lip Balm,ChapStick lip balm,Pharmacy
169,Eye Drops,Visine eye drops,Pharmacy
170,Thermometer,Digital thermometer,Pharmacy
171,Nuts,Mixed nuts,Snacks
172,Trail Mix,Hiking trail mix,Snacks
173,Beef Jerky,Original beef jerky,Snacks
174,Fruit Snacks,Gummy fruit snacks,Snacks
175,Protein Bars,Chocolate protein bars,Snacks
176,Rice Cakes,Plain rice cakes,Snacks
177,Hummus,Classic hummus,Snacks
178,Salsa,Medium salsa,Snacks
179,Guacamole,Fresh guacamole,Snacks
180,Tortilla Chips,Corn tortilla chips,Snacks
181,Croissants,Butter croissants,Bakery
182,Danish,Cheese danish,Bakery
183,Cake,Chocolate cake,Bakery
184,Pie,Apple pie,Bakery
185,Rolls,Dinner rolls,Bakery
186,Baguette,French baguette,Bakery
187,Sourdough,Sourdough bread,Bakery
188,Cupcakes,Vanilla cupcakes,Bakery
189,Brownies,Fudge brownies,Bakery
190,Scones,Blueberry scones,Bakery
191,Swiss Cheese,Sliced swiss cheese,Dairy
192,Mozzarella,Fresh mozzarella,Dairy
193,Goat Cheese,Soft goat cheese,Dairy
194,Blue Cheese,Crumbled blue cheese,Dairy
195,Brie,Brie cheese wheel,Dairy
196,Feta,Crumbled feta cheese,Dairy
197,Provolone,Sliced provolone,Dairy
198,Ricotta,Ricotta cheese,Dairy
199,Half and Half,Coffee creamer,Dairy
200,Heavy Cream,Heavy whipping cream,Dairy
201,Perfume,Floral perfume,Personal Care
202,Cologne,Men's cologne,Personal Care
203,Nail Polish,Red nail polish,Personal Care
204,Makeup Remover,Gentle makeup remover,Personal Care
205,Foundation,Liquid foundation,Personal Care
206,Mascara,Waterproof mascara,Personal Care
207,Lipstick,Matte lipstick,Personal Care
208,Eyeliner,Black eyeliner,Personal Care
209,Concealer,Under-eye concealer,Personal Care
210,Blush,Pink blush,Personal Care
211,Quinoa,Organic quinoa,Pantry
212,Couscous,Plain couscous,Pantry
213,Lentils,Red lentils,Pantry
214,Black Beans,Canned black beans,Pantry
215,Chickpeas,Canned chickpeas,Pantry
216,Coconut Oil,Extra virgin coconut oil,Pantry
217,Sesame Oil,Pure sesame oil,Pantry
218,Balsamic Vinegar,Aged balsamic vinegar,Pantry
219,Apple Cider Vinegar,Raw apple cider vinegar,Pantry
220,Worcestershire,Worcestershire sauce,Pantry
221,Paprika,Smoked paprika,Pantry
222,Cumin,Ground cumin,Pantry
223,Oregano,Dried oregano,Pantry
224,Basil,Dried basil,Pantry
225,Thyme,Dried thyme,Pantry
226,Rosemary,Dried rosemary,Pantry
227,Cinnamon,Ground cinnamon,Pantry
228,Nutmeg,Ground nutmeg,Pantry
229,Ginger,Ground ginger,Pantry
230,Turmeric,Ground turmeric,Pantry
231,Sweet Potatoes,Orange sweet potatoes,Vegetables
232,Radishes,Red radishes,Vegetables
233,Beets,Fresh beets,Vegetables
234,Turnips,Fresh turnips,Vegetables
235,Parsnips,Fresh parsnips,Vegetables
236,Kale,Fresh kale leaves,Vegetables
237,Arugula,Baby arugula,Vegetables
238,Swiss Chard,Rainbow swiss chard,Vegetables
239,Bok Choy,Baby bok choy,Vegetables
240,Eggplant,Purple eggplant,Vegetables
241,Lamb,Lamb chops,Meat
242,Veal,Veal cutlets,Meat
243,Duck,Whole duck,Meat
244,Venison,Venison steaks,Meat
245,Rabbit,Rabbit meat,Meat
246,Scallops,Sea scallops,Seafood
247,Mussels,Fresh mussels,Seafood
248,Oysters,Fresh oysters,Seafood
249,Clams,Fresh clams,Seafood
250,Octopus,Fresh octopus,Seafood
251,Squid,Fresh squid,Seafood
252,Anchovies,Canned anchovies,Seafood
253,Sardines,Canned sardines,Seafood
254,Mackerel,Fresh mackerel,Seafood
255,Halibut,Halibut steaks,Seafood
256,Mahi Mahi,Mahi mahi fillets,Seafood
257,Swordfish,Swordfish steaks,Seafood
258,Tuna Steaks,Fresh tuna steaks,Seafood
259,Sea Bass,Chilean sea bass,Seafood
260,Flounder,Flounder fillets,Seafood
261,Cornbread Mix,Jiffy cornbread mix,Breakfast
262,Waffle Mix,Waffle batter mix,Breakfast
263,Muesli,Swiss muesli,Breakfast
264,Granola,Honey almond granola,Breakfast
265,Breakfast Bars,Oat breakfast bars,Breakfast
266,Bagel Chips,Everything bagel chips,Snacks
267,Pita Chips,Baked pita chips,Snacks
268,Veggie Chips,Mixed veggie chips,Snacks
269,Cheese Crackers,Cheddar cheese crackers,Snacks
270,Oyster Crackers,Soup oyster crackers,Snacks
271,Soup,Chicken noodle soup,Pantry
272,Broth,Chicken broth,Pantry
273,Stock,Vegetable stock,Pantry
274,Diced Tomatoes,Canned diced tomatoes,Pantry
275,Tomato Paste,Concentrated tomato paste,Pantry
276,Coconut Milk,Canned coconut milk,Pantry
277,Evaporated Milk,Canned evaporated milk,Pantry
278,Condensed Milk,Sweetened condensed milk,Pantry
279,Artichoke Hearts,Canned artichoke hearts,Pantry
280,Olives,Kalamata olives,Pantry
281,Pickles,Dill pickles,Pantry
282,Relish,Sweet pickle relish,Pantry
283,Capers,Nonpareil capers,Pantry
284,Sun-dried Tomatoes,Oil-packed sun-dried tomatoes,Pantry
285,Roasted Peppers,Roasted red peppers,Pantry
286,Salad Mix,Spring salad mix,Vegetables
287,Coleslaw Mix,Cabbage coleslaw mix,Vegetables
288,Stir Fry Mix,Frozen stir fry vegetables,Frozen Foods
289,Smoothie Mix,Frozen smoothie fruit mix,Frozen Foods
290,Sorbet,Lemon sorbet,Frozen Foods
291,Frozen Yogurt,Vanilla frozen yogurt,Frozen Foods
292,Popsicles,Fruit popsicles,Frozen Foods
293,Frozen Pancakes,Buttermilk frozen pancakes,Frozen Foods
294,Frozen Bagels,Plain frozen bagels,Frozen Foods
295,Frozen Meatballs,Italian frozen meatballs,Frozen Foods
296,Toilet Bowl Cleaner,Lysol toilet bowl cleaner,Household
297,Floor Cleaner,Pine-Sol floor cleaner,Household
298,Furniture Polish,Pledge furniture polish,Household
299,Air Freshener,Febreze air freshener,Household
300,Candles,Vanilla scented candles,Household